{
  "category": {
    "accuracy": 0.5714,
    "f1_weighted": 0.5768,
    "classification_report": {
      "cleanliness": {
        "precision": 0.6666666666666666,
        "recall": 0.5714285714285714,
        "f1-score": 0.6153846153846154,
        "support": 7.0
      },
      "delay_issues": {
        "precision": 1.0,
        "recall": 0.8571428571428571,
        "f1-score": 0.9230769230769231,
        "support": 7.0
      },
      "food_quality": {
        "precision": 0.3333333333333333,
        "recall": 0.5714285714285714,
        "f1-score": 0.42105263157894735,
        "support": 7.0
      },
      "safety_concerns": {
        "precision": 0.6666666666666666,
        "recall": 0.2857142857142857,
        "f1-score": 0.4,
        "support": 7.0
      },
      "staff_behavior": {
        "precision": 0.45454545454545453,
        "recall": 0.7142857142857143,
        "f1-score": 0.5555555555555556,
        "support": 7.0
      },
      "ticketing_problems": {
        "precision": 0.75,
        "recall": 0.42857142857142855,
        "f1-score": 0.5454545454545454,
        "support": 7.0
      },
      "accuracy": 0.5714285714285714,
      "macro avg": {
        "precision": 0.6452020202020202,
        "recall": 0.5714285714285714,
        "f1-score": 0.5767540451750979,
        "support": 42.0
      },
      "weighted avg": {
        "precision": 0.6452020202020201,
        "recall": 0.5714285714285714,
        "f1-score": 0.5767540451750978,
        "support": 42.0
      }
    },
    "confusion_matrix": [
      [
        4,
        0,
        3,
        0,
        0,
        0
      ],
      [
        0,
        6,
        0,
        0,
        1,
        0
      ],
      [
        1,
        0,
        4,
        0,
        2,
        0
      ],
      [
        0,
        0,
        2,
        2,
        2,
        1
      ],
      [
        0,
        0,
        2,
        0,
        5,
        0
      ],
      [
        1,
        0,
        1,
        1,
        1,
        3
      ]
    ]
  },
  "severity": {
    "accuracy": 0.3333,
    "f1_weighted": 0.2876
  },
  "clustering": {
    "n_clusters": 4
  }
}